iter	RMSE
0	0.4283487102
1	0.3964739088
2	0.385130363
3	0.373576115
4	0.3642378505
5	0.357237342
6	0.350355093
7	0.3415784176
8	0.3290874059
9	0.3150351281
